Steps,Avg. Return,WinRate
2000000,1227.933284899999,6
4000000,1618.7347640999997,19
6000000,1899.0790029999998,34
8000000,2041.5785050999998,39
10000000,2325.160733099999,53
12000000,2606.3606697999994,66
14000000,2875.0084312000004,77
16000000,2852.5121265,82
18000000,2885.6020714999995,81
20000000,3054.7812175999984,87
