Steps,Avg. Return,WinRate
2000000,879.8626284999997,0
4000000,1162.3288969999999,0
6000000,1191.5023019999996,0
8000000,1204.3648699999999,0
10000000,1219.3621400000004,0
12000000,1310.8096520000004,0
14000000,1843.2917569999993,10
16000000,2096.1097729999997,21
18000000,2614.611024,48
20000000,2616.4699790000004,54
