Steps,Avg. Return,WinRate
2000000,951.5384964999998,0
4000000,1279.2330059999992,0
6000000,1278.7449039999995,0
8000000,1423.0730912999993,0
10000000,1515.2056870999993,0
12000000,1547.6315349999995,0
14000000,1558.33881,0
16000000,1590.5987640999997,0
18000000,1645.5867169999992,0
20000000,1690.1576204000003,0
